num__age,num__bmi,num__children,cat__sex_female,cat__sex_male,cat__smoker_no,cat__smoker_yes,cat__region_northeast,cat__region_northwest,cat__region_southeast,cat__region_southwest
0.492932857055006,0.10517959045660785,0.12893152757637724,0.035367175274641595,-0.03536717527464139,-0.7839133552146075,0.7839133552146069,0.09483900642207876,0.029100580586840223,-0.0980745890199662,-0.025864997988952677
